Invoice ID,Amount,Due On
1,1116.386,2021.06.01
2,1070.874,2021.09.01
3,1054.408,2021.12.01
4,1010.665,2017.03.01
5,1233.7,2017.06.01
6,1282.436,2017.09.01
7,1290.82,2017.12.01
8,1412.007,2021.03.01
9,1488.055,2021.06.01
10,1497.678,2021.09.01
11,1570.507,2021.12.01
12,1393.749,2021.03.01
13,1517.143,2021.06.01
14,1381.514,2021.09.01
15,1370.985,2021.12.01
16,1073.017,2020.03.01
17,1131.445,2020.06.01
18,1440.101,2020.09.01
19,1189.735,2021.06.01
20,1144.938,2021.09.01
21,1390.589,2021.12.01
22,1310.912,2017.03.01
23,1241.466,2017.06.01
24,1288.648,2017.09.01
25,1772.086,2017.12.01
26,1554.221,2021.03.01
27,1441.386,2021.06.01
28,1364.769,2021.09.01
29,1771.028,2021.12.01
30,1665.84,2021.03.01
31,1554.397,2021.06.01
32,1484.434,2021.09.01
33,1817.118,2021.12.01
34,1582.915,2020.03.01
35,1421.593,2020.06.01
36,1576.216,2020.09.01
37,1119.02,2021.06.01
38,1101.412,2021.09.01
39,1139.459,2021.12.01
40,1040.5,2017.03.01
41,1150.976,2017.06.01
42,1084.658,2017.09.01
43,1352.84,2017.12.01
44,1224.534,2021.03.01
45,1105.167,2021.06.01
46,1372.723,2021.09.01
47,1230.969,2021.12.01
48,1115.478,2021.03.01
49,1210.962,2021.06.01
50,1234.819,2021.09.01
51,1276.337,2021.12.01
52,1080.713,2020.03.01
53,847.349,2020.06.01
54,925.547,2020.09.01
55,10624.465,2021.06.01
56,9110.709,2021.09.01
57,12084.429,2021.12.01
58,11804.216,2017.03.01
59,12150.005,2017.06.01
60,10399.584,2017.09.01
61,13705.071,2017.12.01
62,12745.412,2021.03.01
63,12574.246,2021.06.01
64,10633.605,2021.09.01
65,13806.468,2021.12.01
66,13704.407,2021.03.01
67,13035.873,2021.06.01
68,11170.665,2021.09.01
69,15202.125,2021.12.01
70,14614.474,2020.03.01
71,13680.374,2020.06.01
72,11412.16,2020.09.01
73,586.399,2021.06.01
74,577.941,2021.09.01
75,571.523,2021.12.01
76,572.279,2017.03.01
77,553.194,2017.06.01
78,541.03,2017.09.01
79,592.754,2017.12.01
80,530.018,2021.03.01
81,556.048,2021.06.01
82,541.341,2021.09.01
83,565.895,2021.12.01
84,527.25,2021.03.01
85,549.739,2021.06.01
86,524.132,2021.09.01
87,516.651,2021.12.01
88,444.847,2020.03.01
89,348.318,2020.06.01
90,503.119,2020.09.01
91,2247.71,2021.06.01
92,2216.005,2021.09.01
93,2201.123,2021.12.01
94,2063.277,2017.03.01
95,2242.174,2017.06.01
96,2279.911,2017.09.01
97,2361.189,2017.12.01
98,2229.447,2021.03.01
99,2412.505,2021.06.01
100,2449.281,2021.09.01
101,2429.15,2021.12.01
102,2175.696,2021.03.01
103,2428.645,2021.06.01
104,2409.721,2021.09.01
105,2345.636,2021.12.01
106,2247.182,2020.03.01
107,1963.658,2020.06.01
108,2421.896,2020.09.01
109,378.816,2021.06.01
110,382.97,2021.09.01
111,439.04,2021.12.01
112,339.726,2017.03.01
113,363.012,2017.06.01
114,379.748,2017.09.01
115,403.359,2017.12.01
116,345.957,2021.03.01
117,370.112,2021.06.01
118,385.258,2021.09.01
119,407.693,2021.12.01
120,345.4,2021.03.01
121,364.445,2021.06.01
122,386.209,2021.09.01
123,409.094,2021.12.01
124,327.183,2020.03.01
125,257.649,2020.06.01
126,353.746,2020.09.01
127,3734.807,2021.06.01
128,3957.477,2021.09.01
129,4576.421,2021.12.01
130,4505.752,2017.03.01
131,4184.357,2017.06.01
132,4205.956,2017.09.01
133,5226.248,2017.12.01
134,4827.727,2021.03.01
135,4697.729,2021.06.01
136,5088.738,2021.09.01
137,5583.698,2021.12.01
138,4657.027,2021.03.01
139,4601.594,2021.06.01
140,4587.091,2021.09.01
141,5252.434,2021.12.01
142,4501.587,2020.03.01
143,3275.733,2020.06.01
144,3963.073,2020.09.01
145,896.253,2021.06.01
146,916.132,2021.09.01
147,926.353,2021.12.01
148,834.766,2017.03.01
149,880.209,2017.06.01
150,933.792,2017.09.01
151,953.3,2017.12.01
152,818.395,2021.03.01
153,895.345,2021.06.01
154,956.138,2021.09.01
155,923.495,2021.12.01
156,874.952,2021.03.01
157,944.955,2021.06.01
158,955.735,2021.09.01
159,944.601,2021.12.01
160,860.444,2020.03.01
161,723.382,2020.06.01
162,1033.746,2020.09.01
163,2432.778,2021.06.01
164,2498.432,2021.09.01
165,2499.28,2021.12.01
166,2362.348,2017.03.01
167,2677.296,2017.06.01
168,2745.004,2017.09.01
169,2640.204,2017.12.01
170,2520.431,2021.03.01
171,2831.651,2021.06.01
172,2928.06,2021.09.01
173,2860.894,2021.12.01
174,2642.363,2021.03.01
175,2871.895,2021.06.01
176,3041.137,2021.09.01
177,2916.519,2021.12.01
178,2599.168,2020.03.01
179,2260.46,2020.06.01
180,3070.947,2020.09.01
181,2816.89,2021.06.01
182,2921.187,2021.09.01
183,2860.234,2021.12.01
184,2585.31,2017.03.01
185,2946.76,2017.06.01
186,3150.819,2017.09.01
187,3004.505,2017.12.01
188,2827.124,2021.03.01
189,3236.153,2021.06.01
190,3337.87,2021.09.01
191,3294.508,2021.12.01
192,2939.344,2021.03.01
193,3121.496,2021.06.01
194,3426.489,2021.09.01
195,3480.549,2021.12.01
196,3038.73,2020.03.01
197,2781.015,2020.06.01
198,3319.364,2020.09.01
199,475.38,2021.06.01
200,510.192,2021.09.01
201,553.505,2021.12.01
202,463.208,2017.03.01
203,456.87,2017.06.01
204,480.246,2017.09.01
205,527.893,2017.12.01
206,465.71,2021.03.01
207,487.025,2021.06.01
208,493.295,2021.09.01
209,573.572,2021.12.01
210,489.24,2021.03.01
211,506.529,2021.06.01
212,574.399,2021.09.01
213,599.842,2021.12.01
214,507.358,2020.03.01
215,422.222,2020.06.01
216,656.503,2020.09.01
217,4293.55,2021.06.01
218,4501.018,2021.09.01
219,4006.961,2021.12.01
220,3959.543,2017.03.01
221,4455.531,2017.06.01
222,5288.065,2017.09.01
223,4495.831,2017.12.01
224,4601.996,2021.03.01
225,4587.347,2021.06.01
226,5165.815,2021.09.01
227,5644.675,2021.12.01
228,4952.943,2021.03.01
229,5296.602,2021.06.01
230,5564.597,2021.09.01
231,4967.912,2021.12.01
232,4626.406,2020.03.01
233,4867.933,2020.06.01
234,5800.676,2020.09.01
235,13386.067,2021.06.01
236,13419.541,2021.09.01
237,14477.984,2021.12.01
238,13367.602,2017.03.01
239,15121.242,2017.06.01
240,14890.877,2017.09.01
241,15832.221,2017.12.01
242,14111.011,2021.03.01
243,16480.01,2021.06.01
244,16459.025,2021.09.01
245,16806.615,2021.12.01
246,15357.359,2021.03.01
247,17623.099,2021.06.01
248,17769.074,2021.09.01
249,18744.633,2021.12.01
250,16964.326,2020.03.01
251,13626.094,2020.06.01
252,19354.6,2020.09.01
253,23406.009,2021.06.01
254,23994.212,2021.09.01
255,25705.259,2021.12.01
256,23310.026,2017.03.01
257,24840.66,2017.06.01
258,25475.251,2017.09.01
259,27896.872,2017.12.01
260,24728.334,2021.03.01
261,26645.783,2021.06.01
262,27695.288,2021.09.01
263,29271.97,2021.12.01
264,26038.196,2021.03.01
265,27624.213,2021.06.01
266,28155.644,2021.09.01
267,29838.982,2021.12.01
268,26520.993,2020.03.01
269,24951.225,2020.06.01
270,29780.707,2020.09.01
271,18374.424,2017.09.01
272,21112.477,2017.12.01
273,18994.22,2021.03.01
274,19160.244,2021.06.01
275,19156.117,2021.09.01
276,21992.054,2021.12.01
277,19685.968,2021.03.01
278,19810.531,2021.06.01
279,19877.469,2021.09.01
280,22705.92,2021.12.01
281,20640.323,2020.03.01
282,17775.1,2020.06.01
283,21849.754,2020.09.01
284,3570.189,2017.09.01
285,4062.285,2017.12.01
286,4131.369,2021.03.01
287,3755.582,2021.06.01
288,3658.582,2021.09.01
289,4320.651,2021.12.01
290,4288.873,2021.03.01
291,3887.467,2021.06.01
292,3898.683,2021.09.01
293,4492.364,2021.12.01
294,4153.621,2020.03.01
295,2276.721,2020.06.01
296,3695.481,2020.09.01
297,7050.527,2021.06.01
298,7258.294,2021.09.01
299,7717.537,2021.12.01
300,7597.414,2017.03.01
301,7365.659,2017.06.01
302,7386.538,2017.09.01
303,8080.842,2017.12.01
304,8009.297,2021.03.01
305,7680.003,2021.06.01
306,7871.432,2021.09.01
307,8432.733,2021.12.01
308,8288.146,2021.03.01
309,8208.005,2021.06.01
310,8135.532,2021.09.01
311,8710.524,2021.12.01
312,7937.651,2020.03.01
313,5548.719,2020.06.01
314,6523.507,2020.09.01
315,3497.474,2021.06.01
316,3686.892,2021.09.01
317,3726.496,2021.12.01
318,3646.739,2017.03.01
319,3605.416,2017.06.01
320,3742.768,2017.09.01
321,3687.847,2017.12.01
322,3637.454,2021.03.01
323,3706.952,2021.06.01
324,3741.137,2021.09.01
325,3752.926,2021.12.01
326,3670.674,2021.03.01
327,3830.499,2021.06.01
328,3728.969,2021.09.01
329,4045.656,2021.12.01
330,3724.404,2020.03.01
331,3515.44,2020.06.01
332,3713.045,2020.09.01
333,6792.689,2021.06.01
334,6352.806,2021.09.01
335,7496.077,2021.12.01
336,6480.287,2017.03.01
337,7125.573,2017.06.01
338,6531.226,2017.09.01
339,8050.852,2017.12.01
340,7031.13,2021.03.01
341,8043.255,2021.06.01
342,7672.916,2021.09.01
343,8219.079,2021.12.01
344,7411.122,2021.03.01
345,7680.969,2021.06.01
346,7895.094,2021.09.01
347,8476.769,2021.12.01
348,7785.523,2020.03.01
349,6844.56,2020.06.01
350,7716.117,2020.09.01
351,8922.96,2021.06.01
352,8981.226,2021.09.01
353,8898.923,2021.12.01
354,8367.531,2017.03.01
355,9449.473,2017.06.01
356,9623.008,2017.09.01
357,9706.324,2017.12.01
358,9008.065,2021.03.01
359,10314.332,2021.06.01
360,10362.386,2021.09.01
361,10517.105,2021.12.01
362,9748.995,2021.03.01
363,10992.6,2021.06.01
364,11438.635,2021.09.01
365,11186.733,2021.12.01
366,10368.379,2020.03.01
367,10325.661,2020.06.01
368,11524.359,2020.09.01
369,4110.343,2021.06.01
370,3983.202,2021.09.01
371,3819.844,2021.12.01
372,3712.874,2017.03.01
373,4326.216,2017.06.01
374,4161.829,2017.09.01
375,4204.047,2017.12.01
376,4122.543,2021.03.01
377,4957,2021.06.01
378,4548.408,2021.0.019
379,4444.511,2021.12.01
380,4284.569,2021.03.01
381,4741.07,2021.06.01
382,4701.596,2021.09.01
383,4640.222,2021.12.01
384,4098.939,2020.03.01
385,3359.765,2020.06.01
386,3639.329,2020.09.01
387,608.795,2021.06.01
388,615.288,2021.09.01
389,712.469,2021.12.01
390,682.043,2017.03.01
391,588.859,2017.06.01
392,664.329,2017.09.01
393,710.807,2017.12.01
394,746.61,2021.03.01
395,643.4,2021.06.01
396,734.115,2021.09.01
397,735.413,2021.12.01
398,770.617,2021.03.01
399,651.267,2021.06.01
400,803.775,2021.09.01
401,860.289,2021.12.01
402,889.277,2020.03.01
403,589.656,2020.06.01
404,733.89,2020.09.01
405,3214.579,2021.06.01
406,3268.826,2021.09.01
407,3286.048,2021.12.01
408,3201.629,2017.03.01
409,3284.048,2017.06.01
410,3377.596,2017.09.01
411,3423.368,2017.12.01
412,3371.821,2021.03.01
413,3510.303,2021.06.01
414,3730.534,2021.09.01
415,3756.251,2021.12.01
416,3650.845,2021.03.01
417,3822.281,2021.06.01
418,4088.925,2021.09.01
419,4154.182,2021.12.01
420,3982.186,2020.03.01
421,3938.737,2020.06.01
422,4773.693,2020.09.01
423,1059.336,2021.06.01
424,1168.528,2021.09.01
425,1256.082,2021.12.01
426,1222.957,2017.03.01
427,1123.981,2017.06.01
428,1188.992,2017.09.01
429,1240.668,2017.12.01
430,1263.25,2021.03.01
431,1166.067,2021.06.01
432,1321.908,2021.09.01
433,1287.296,2021.12.01
434,1328.926,2021.03.01
435,1217.807,2021.06.01
436,1391.141,2021.09.01
437,1398.045,2021.12.01
438,1364.155,2020.03.01
439,786.317,2020.06.01
440,1225.711,2020.09.01
441,2024.111,2021.06.01
442,2130.915,2021.09.01
443,2212.397,2021.12.01
444,2106.601,2017.03.01
445,2214.264,2017.06.01
446,2272.563,2017.09.01
447,2304.067,2017.12.01
448,2159.722,2021.03.01
449,2395.334,2021.06.01
450,2434.241,2021.09.01
451,2441.75,2021.12.01
452,2366.432,2021.03.01
453,2520.395,2021.06.01
454,2562.344,2021.09.01
455,2553.098,2021.12.01
456,2364.816,2020.03.01
457,1934.127,2020.06.01
458,2505.344,2020.09.01
459,726.611,2021.06.01
460,679.087,2021.09.01
461,711.031,2021.12.01
462,703.814,2017.03.01
463,816.845,2017.06.01
464,828.607,2017.09.01
465,829.187,2017.12.01
466,954.802,2021.03.01
467,1058.967,2021.06.01
468,1087.09,2021.09.01
469,1118.309,2021.12.01
470,1007.684,2021.03.01
471,1139.96,2021.06.01
472,1076.938,2021.09.01
473,1036.821,2021.12.01
474,821.351,2020.03.01
475,872.442,2020.06.01
476,1113.127,2020.09.01
477,763.095,2021.06.01
478,760.118,2021.09.01
479,874.383,2021.12.01
480,845.049,2017.03.01
481,823.961,2017.06.01
482,904.947,2017.09.01
483,1131.075,2017.12.01
484,986.879,2021.03.01
485,986.024,2021.06.01
486,980.53,2021.09.01
487,1099.343,2021.12.01
488,1063.559,2021.03.01
489,1036.563,2021.06.01
490,1023.559,2021.09.01
491,1180.536,2021.12.01
492,987.553,2020.03.01
493,906.278,2020.06.01
494,1069.897,2020.09.01
495,630.108,2021.06.01
496,652.731,2021.09.01
497,657.66,2021.12.01
498,627.075,2017.03.01
499,688.486,2017.06.01
500,701.891,2017.09.01
501,711.771,2017.12.01
502,727.368,2021.03.01
503,660.285,2021.06.01
504,759.113,2021.09.01
505,735.914,2021.12.01
506,634.877,2021.03.01
507,722.601,2021.06.01
508,673.464,2021.09.01
509,710.992,2021.12.01
510,621.335,2020.03.01
511,577.13,2020.06.01
512,528.234,2020.09.01
513,8583.387,2021.06.01
514,6762.819,2021.09.01
515,9745.161,2021.12.01
516,9639.343,2017.03.01
517,9644.515,2017.06.01
518,8178.247,2017.09.01
519,10654.044,2017.12.01
520,10387.143,2021.03.01
521,10598.968,2021.06.01
522,8527.784,2021.09.01
523,11181.95,2021.12.01
524,11094.75,2021.03.01
525,10719.262,2021.06.01
526,8953.428,2021.09.01
527,12481.606,2021.12.01
528,11375.004,2020.03.01
529,10738.719,2020.06.01
530,9175.31,2020.09.01
531,381.108,2021.06.01
532,365.938,2021.09.01
533,336.06,2021.12.01
534,379.005,2017.03.01
535,363.829,2017.06.01
536,362.323,2017.09.01
537,372.797,2017.12.01
538,377.845,2021.03.01
539,396.162,2021.06.01
540,388.968,2021.09.01
541,368.726,2021.12.01
542,380.822,2021.03.01
543,341.389,2021.06.01
544,362.39,2021.09.01
545,346.191,2021.12.01
546,308.116,2020.03.01
547,222.776,2020.06.01
548,330.791,2020.09.01
549,1749.535,2021.06.01
550,1726.374,2021.09.01
551,1611.543,2021.12.01
552,1584.134,2017.03.01
553,1713.337,2017.06.01
554,1775.458,2017.09.01
555,1705.49,2017.12.01
556,1677.047,2021.03.01
557,1855.671,2021.06.01
558,1807.769,2021.09.01
559,1810.018,2021.12.01
560,1728.61,2021.03.01
561,1896.154,2021.06.01
562,1872.256,2021.09.01
563,1790.392,2021.12.01
564,1679.871,2020.03.01
565,1439.805,2020.06.01
566,1810.385,2020.09.01
567,254.092,2021.06.01
568,246.931,2021.09.01
569,258.927,2021.12.01
570,218.668,2017.03.01
571,225.92,2017.06.01
572,235.919,2017.09.01
573,244.598,2017.12.01
574,239.293,2021.03.01
575,237.354,2021.06.01
576,243.025,2021.09.01
577,260.767,2021.12.01
578,239.873,2021.03.01
579,223.451,2021.06.01
580,231.062,2021.09.01
581,227.556,2021.12.01
582,204.501,2020.03.01
583,166.241,2020.06.01
584,196.593,2020.09.01
585,2792.002,2021.06.01
586,2949.43,2021.09.01
587,3330.022,2021.12.01
588,3288.163,2017.03.01
589,2997.221,2017.06.01
590,3301.549,2017.09.01
591,3812.037,2017.12.01
592,3545.566,2021.03.01
593,3714.747,2021.06.01
594,3996.547,2021.09.01
595,3868.715,2021.12.01
596,3728.996,2021.03.01
597,3438.477,2021.06.01
598,3529.338,2021.09.01
599,4018.56,2021.12.01
600,3485.124,2020.03.01
601,2437.33,2020.06.01
602,2893.667,2020.09.01
603,597.712,2021.06.01
604,615.247,2021.09.01
605,620.816,2021.12.01
606,557.75,2017.03.01
607,603.397,2017.06.01
608,625.553,2017.09.01
609,637.522,2017.12.01
610,537.556,2021.03.01
611,622.274,2021.06.01
612,677.11,2021.09.01
613,609.255,2021.12.01
614,606.303,2021.03.01
615,648.694,2021.06.01
616,654.481,2021.09.01
617,658.609,2021.12.01
618,600.789,2020.03.01
619,472.71,2020.06.01
620,668.229,2020.09.01
621,1702.128,2021.06.01
622,1784.602,2021.09.01
623,1766.335,2021.12.01
624,1768.032,2017.03.01
625,1936.265,2017.06.01
626,2038.021,2017.09.01
627,1987.54,2017.12.01
628,1816.268,2021.03.01
629,2080.705,2021.06.01
630,2145.688,2021.09.01
631,2085.692,2021.12.01
632,1958.298,2021.03.01
633,2048.732,2021.06.01
634,2216.678,2021.09.01
635,2150.435,2021.12.01
636,1897.007,2020.03.01
637,1647.704,2020.06.01
638,2117.053,2020.09.01
639,1787.061,2021.06.01
640,1839.21,2021.09.01
641,1849.275,2021.12.01
642,1677.352,2017.03.01
643,1948.902,2017.06.01
644,1913.476,2017.09.01
645,1852.28,2017.12.01
646,1921.177,2021.03.01
647,2091.218,2021.06.01
648,2092.797,2021.09.01
649,2062.36,2021.12.01
650,1912.82,2021.03.01
651,1999.069,2021.06.01
652,2323.305,2021.09.01
653,2210.718,2021.12.01
654,1877.293,2020.03.01
655,1673.858,2020.06.01
656,2064.17,2020.09.01
657,321.875,2021.06.01
658,330.216,2021.09.01
659,345.896,2021.12.01
660,314.921,2017.03.01
661,310.766,2017.06.01
662,316.348,2017.09.01
663,342.618,2017.12.01
664,295.911,2021.03.01
665,307.811,2021.06.01
666,325.249,2021.09.01
667,370.314,2021.12.01
668,309.984,2021.03.01
669,313.949,2021.06.01
670,374.852,2021.09.01
671,366.746,2021.12.01
672,335.003,2020.03.01
673,291.409,2020.06.01
674,411.148,2020.09.01
675,2676.479,2021.06.01
676,2750.757,2021.09.01
677,2506.292,2021.12.01
678,2466.965,2017.03.01
679,2838.707,2017.06.01
680,3408.155,2017.09.01
681,2966.56,2017.12.01
682,3034.722,2021.03.01
683,2907.52,2021.06.01
684,3230.69,2021.09.01
685,3732.455,2021.12.01
686,3253.93,2021.03.01
687,3478.543,2021.06.01
688,3560.262,2021.09.01
689,3272.934,2021.12.01
690,3041.688,2020.03.01
691,3342.246,2020.06.01
692,3816.92,2020.09.01
693,9403.937,2021.06.01
694,9709.858,2021.09.01
695,9863.187,2021.12.01
696,9537.984,2017.03.01
697,10737.198,2017.06.01
698,10720.522,2017.09.01
699,11186.48,2017.12.01
700,9979.557,2021.03.01
701,11672.458,2021.06.01
702,11767.941,2021.09.01
703,11985.982,2021.12.01
704,11111.972,2021.03.01
705,12246.463,2021.06.01
706,12705.294,2021.09.01
707,12922.987,2021.12.01
708,11946.067,2020.03.01
709,9821.176,2020.06.01
710,13403.792,2020.09.01
711,19440.994,2021.06.01
712,20095.844,2021.09.01
713,21698.616,2021.12.01
714,19618.605,2017.03.01
715,20722.406,2017.06.01
716,21584.24,2017.09.01
717,23827.694,2017.12.01
718,21159.823,2021.03.01
719,22319.235,2021.06.01
720,23442.998,2021.09.01
721,25174.883,2021.12.01
722,22190.224,2021.03.01
723,22901.372,2021.06.01
724,23962.3,2021.09.01
725,25424.584,2021.12.01
726,22173.957,2020.03.01
727,20371.181,2020.06.01
728,23946.413,2020.09.01
729,15519.691,2017.09.01
730,17618.17,2017.12.01
731,15950.345,2021.03.01
732,16094.094,2021.06.01
733,16219.542,2021.09.01
734,18043.145,2021.12.01
735,16308.572,2021.03.01
736,16507.237,2021.06.01
737,16709.23,2021.09.01
738,18657.007,2021.12.01
739,16997.676,2020.03.01
740,14400.413,2020.06.01
741,17733.859,2020.09.01
742,2288.75,2017.09.01
743,2433.972,2017.12.01
744,2390.095,2021.03.01
745,2393.856,2021.06.01
746,2333.112,2021.09.01
747,2595.18,2021.12.01
748,2486.149,2021.03.01
749,2459.955,2021.06.01
750,2496.385,2021.09.01
751,2761.699,2021.12.01
752,2505.243,2020.03.01
753,1607.309,2020.06.01
754,2285.524,2020.09.01
755,4033.792,2021.06.01
756,4315.543,2021.09.01
757,4340.522,2021.12.01
758,3987.931,2017.03.01
759,4171.03,2017.06.01
760,4235.915,2017.09.01
761,4882.255,2017.12.01
762,4272.766,2021.03.01
763,4574.029,2021.06.01
764,5117.154,2021.09.01
765,4919.854,2021.12.01
766,4598.353,2021.03.01
767,4886.277,2021.06.01
768,4727.79,2021.09.01
769,5289.61,2021.12.01
770,4635.949,2020.03.01
771,3610.071,2020.06.01
772,4036.891,2020.09.01
773,1970.738,2021.06.01
774,2206.073,2021.09.01
775,2125.183,2021.12.01
776,2005.618,2017.03.01
777,2130.263,2017.06.01
778,2249.979,2017.09.01
779,2102.66,2017.12.01
780,2006.725,2021.03.01
781,2035.142,2021.06.01
782,2129.167,2021.09.01
783,2232.89,2021.12.01
784,2129.856,2021.03.01
785,2300.842,2021.06.01
786,2321.751,2021.09.01
787,2423.456,2021.12.01
788,2125.17,2020.03.01
789,1874.26,2020.06.01
790,2180.023,2020.09.01
791,3666.144,2021.06.01
792,3753.868,2021.09.01
793,3883.048,2021.12.01
794,3609.321,2017.03.01
795,3755.61,2017.06.01
796,3853.619,2017.09.01
797,4244.373,2017.12.01
798,3919.556,2021.03.01
799,4239.028,2021.06.01
800,4336.773,2021.09.01
801,4788.088,2021.12.01
802,4337.574,2021.03.01
803,4499.564,2021.06.01
804,4624.867,2021.09.01
805,5075.438,2021.12.01
806,4279.018,2020.03.01
807,3501.964,2020.06.01
808,4316.113,2020.09.01
809,4021.339,2021.06.01
810,3942.364,2021.09.01
811,4048.225,2021.12.01
812,3863.504,2017.03.01
813,4297.593,2017.06.01
814,4290.188,2017.09.01
815,4479.352,2017.12.01
816,4157.549,2021.03.01
817,4740.408,2021.06.01
818,4740.973,2021.09.01
819,5049.7,2021.12.01
820,4634.699,2021.03.01
821,5191.417,2021.06.01
822,5138.297,2021.09.01
823,5338.202,2021.12.01
824,4736.102,2020.03.01
825,4372.731,2020.06.01
826,5166.613,2020.09.01
827,2052.551,2021.06.01
828,2021.719,2021.09.01
829,1981.094,2021.12.01
830,1840.911,2017.03.01
831,2244.945,2017.06.01
832,2205.213,2017.09.01
833,2280.958,2017.12.01
834,2171.203,2021.03.01
835,2677.136,2021.06.01
836,2302.323,2021.09.01
837,2400.784,2021.12.01
838,2210.944,2021.03.01
839,2388.433,2021.06.01
840,2397.567,2021.09.01
841,2445.759,2021.12.01
842,2164.4,2020.03.01
843,2122.386,2020.06.01
844,2154.589,2020.09.01
845,263.075,2021.06.01
846,257.967,2021.09.01
847,269.813,2021.12.01
848,252.415,2017.03.01
849,273.018,2017.06.01
850,281.884,2017.09.01
851,275.156,2017.12.01
852,257.718,2021.03.01
853,273.013,2021.06.01
854,292.676,2021.09.01
855,284.101,2021.12.01
856,262.626,2021.03.01
857,279.077,2021.06.01
858,325.261,2021.09.01
859,322.311,2021.12.01
860,293.901,2020.03.01
861,231.894,2020.06.01
862,287.145,2020.09.01
863,1468.732,2021.06.01
864,1495.453,2021.09.01
865,1406.741,2021.12.01
866,1416.155,2017.03.01
867,1515.218,2017.06.01
868,1538.883,2017.09.01
869,1539.485,2017.12.01
870,1482.096,2021.03.01
871,1669.13,2021.06.01
872,1687.126,2021.09.01
873,1577.766,2021.12.01
874,1557.697,2021.03.01
875,1741.591,2021.06.01
876,1758.76,2021.09.01
877,1796.746,2021.12.01
878,1761.188,2020.03.01
879,1705.672,2020.06.01
880,2013.744,2020.09.01
881,571.562,2021.06.01
882,573.242,2021.09.01
883,623.546,2021.12.01
884,575.078,2017.03.01
885,607.575,2017.06.01
886,586.347,2017.09.01
887,603.444,2017.12.01
888,621.422,2021.03.01
889,649.2,2021.06.01
890,652.041,2021.09.01
891,709.224,2021.12.01
892,674.433,2021.03.01
893,682.74,2021.06.01
894,675.864,2021.09.01
895,744.659,2021.12.01
896,696,2020.03.01
897,420.982,2020.0.016
898,602.856,2020.09.01
899,1384.423,2021.06.01
900,1402.993,2021.09.01
901,1462.745,2021.12.01
902,1362.83,2017.03.01
903,1449.193,2017.06.01
904,1558.657,2017.09.01
905,1519.367,2017.12.01
906,1437.247,2021.03.01
907,1554.656,2021.06.01
908,1616.389,2021.09.01
909,1619.946,2021.12.01
910,1531.721,2021.03.01
911,1637.857,2021.06.01
912,1742.6,2021.09.01
913,1728.472,2021.12.01
914,1563.468,2020.03.01
915,1309.058,2020.06.01
916,1728.879,2020.09.01
917,65.087,2021.06.01
918,66.088,2021.09.01
919,72.872,2021.12.01
920,69.398,2017.03.01
921,74.397,2017.06.01
922,75.9,2017.09.01
923,81.895,2017.12.01
924,74.725,2021.03.01
925,79.656,2021.06.01
926,81.839,2021.09.01
927,89.402,2021.12.01
928,81.395,2021.03.01
929,86.854,2021.06.01
930,81.939,2021.09.01
931,91.781,2021.12.01
932,78.472,2020.03.01
933,79.002,2020.06.01
934,88.719,2020.09.01
935,248.614,2021.06.01
936,262.537,2021.09.01
937,275.79,2021.12.01
938,282.589,2017.03.01
939,267.714,2017.06.01
940,286.859,2017.09.01
941,335.184,2017.12.01
942,317.094,2021.03.01
943,295.189,2021.06.01
944,318.822,2021.09.01
945,362.161,2021.12.01
946,361.866,2021.03.01
947,322.223,2021.06.01
948,329.301,2021.09.01
949,389.322,2021.12.01
950,356.854,2020.03.01
951,340.58,2020.06.01
952,357.083,2020.09.01
953,142.381,2021.06.01
954,139.121,2021.09.01
955,130.689,2021.12.01
956,150.517,2017.03.01
957,153.039,2017.06.01
958,155.55,2017.09.01
959,152.894,2017.12.01
960,142.389,2021.03.01
961,158.069,2021.06.01
962,145.363,2021.09.01
963,146.51,2021.12.01
964,152.792,2021.03.01
965,158.622,2021.06.01
966,150.089,2021.09.01
967,159.021,2021.12.01
968,148.941,2020.03.01
969,143.966,2020.06.01
970,127.264,2020.09.01
971,1231.999,2021.06.01
972,1146.566,2021.09.01
973,1280.539,2021.12.01
974,1267.637,2017.03.01
975,1267.142,2017.06.01
976,1214.018,2017.09.01
977,1379.011,2017.12.01
978,1361.223,2021.03.01
979,1396.91,2021.06.01
980,1275.631,2021.09.01
981,1434.883,2021.12.01
982,1447.347,2021.03.01
983,1442.753,2021.06.01
984,1359.074,2021.09.01
985,1521.569,2021.12.01
986,1524.281,2020.03.01
987,1531.41,2020.06.01
988,1490.887,2020.09.01
989,109.105,2021.06.01
990,106.847,2021.09.01
991,108.161,2021.12.01
992,104.175,2017.03.01
993,112.105,2017.06.01
994,107.964,2017.09.01
995,111.917,2017.12.01
996,101.647,2021.03.01
997,108.899,2021.06.01
998,105.575,2021.09.01
999,112.867,2021.12.01
1000,98.716,2021.03.01
1001,106.266,2021.06.01
1002,106.947,2021.09.01
1003,111.357,2021.12.01
1004,97.357,2020.03.01
1005,90.484,2020.06.01
1006,102.967,2020.09.01
1007,332.454,2021.06.01
1008,329.833,2021.09.01
1009,349.092,2021.12.01
1010,327.663,2017.03.01
1011,362.315,2017.06.01
1012,361.297,2017.09.01
1013,385.619,2017.12.01
1014,362.077,2021.03.01
1015,363.638,2021.06.01
1016,364.857,2021.09.01
1017,385.118,2021.12.01
1018,343.71,2021.03.01
1019,377.165,2021.06.01
1020,372.477,2021.09.01
1021,409.763,2021.12.01
1022,376.389,2020.03.01
1023,362.556,2020.06.01
1024,381.753,2020.09.01
1025,100.652,2021.06.01
1026,102.908,2021.09.01
1027,105.161,2021.12.01
1028,97.681,2017.03.01
1029,101.903,2017.06.01
1030,103.819,2017.09.01
1031,107.175,2017.12.01
1032,98.39,2021.03.01
1033,103.348,2021.06.01
1034,103.386,2021.09.01
1035,108.533,2021.12.01
1036,97.114,2021.03.01
1037,99.474,2021.06.01
1038,101.353,2021.09.01
1039,105.93,2021.12.01
1040,94.349,2020.03.01
1041,81.997,2020.06.01
1042,95.521,2020.09.01
1043,381.104,2021.06.01
1044,374.113,2021.09.01
1045,390.568,2021.12.01
1046,377.765,2017.03.01
1047,398.07,2017.06.01
1048,395.611,2017.09.01
1049,409.117,2017.12.01
1050,392.216,2021.03.01
1051,420.064,2021.06.01
1052,406.156,2021.09.01
1053,430.868,2021.12.01
1054,403.571,2021.03.01
1055,423.161,2021.06.01
1056,422.033,2021.09.01
1057,447.733,2021.12.01
1058,407.599,2020.03.01
1059,421.515,2020.06.01
1060,421.474,2020.09.01
1061,150.902,2021.06.01
1062,154.818,2021.09.01
1063,158.299,2021.12.01
1064,145.449,2017.03.01
1065,155.7,2017.06.01
1066,152.883,2017.09.01
1067,159.175,2017.12.01
1068,149.102,2021.03.01
1069,160.154,2021.06.01
1070,165.534,2021.09.01
1071,172.46,2021.12.01
1072,164.262,2021.03.01
1073,166.538,2021.06.01
1074,167.71,2021.09.01
1075,177.242,2021.12.01
1076,165.1,2020.03.01
1077,157.729,2020.06.01
1078,178.2,2020.09.01
1079,443.17,2021.06.01
1080,435.995,2021.09.01
1081,475.632,2021.12.01
1082,432.501,2017.03.01
1083,468.699,2017.06.01
1084,475.158,2017.09.01
1085,508.674,2017.12.01
1086,467.519,2021.03.01
1087,502.443,2021.06.01
1088,505.984,2021.09.01
1089,546.334,2021.12.01
1090,491.905,2021.03.01
1091,514.115,2021.06.01
1092,528.659,2021.09.01
1093,569.374,2021.12.01
1094,508.024,2020.03.01
1095,485.023,2020.06.01
1096,539.855,2020.09.01
1097,653.573,2021.06.01
1098,650.691,2021.09.01
1099,657.659,2021.12.01
1100,650.317,2017.03.01
1101,686.509,2017.06.01
1102,691.183,2017.09.01
1103,718.184,2017.12.01
1104,678.146,2021.03.01
1105,719.19,2021.06.01
1106,716.143,2021.09.01
1107,747.04,2021.12.01
1108,715.783,2021.03.01
1109,725.904,2021.06.01
1110,750.996,2021.09.01
1111,768.5,2021.12.01
1112,727.117,2020.03.01
1113,699.457,2020.06.01
1114,829.357,2020.09.01
1115,108.497,2021.06.01
1116,108.378,2021.09.01
1117,117.519,2021.12.01
1118,105.828,2017.03.01
1119,114.651,2017.06.01
1120,116.592,2017.09.01
1121,123.867,2017.12.01
1122,111.134,2021.03.01
1123,115.599,2021.06.01
1124,118.599,2021.09.01
1125,130.171,2021.12.01
1126,113.905,2021.03.01
1127,120.155,2021.06.01
1128,122.816,2021.09.01
1129,137.001,2021.12.01
1130,118.103,2020.03.01
1131,109.673,2020.06.01
1132,123.994,2020.09.01
1133,337.389,2021.06.01
1134,350.338,2021.09.01
1135,349.346,2021.12.01
1136,338.24,2017.03.01
1137,361.117,2017.06.01
1138,385.861,2017.09.01
1139,384.678,2017.12.01
1140,378.173,2021.03.01
1141,390.948,2021.06.01
1142,419.201,2021.09.01
1143,413.749,2021.12.01
1144,394.339,2021.03.01
1145,414.697,2021.06.01
1146,444.335,2021.09.01
1147,421.13,2021.12.01
1148,422.689,2020.03.01
1149,439.958,2020.06.01
1150,473.562,2020.09.01
1151,2264.698,2021.06.01
1152,2298.437,2021.09.01
1153,2401.097,2021.12.01
1154,2339.208,2017.03.01
1155,2479.539,2017.06.01
1156,2512.243,2017.09.01
1157,2680.307,2017.12.01
1158,2542.268,2021.03.01
1159,2723.649,2021.06.01
1160,2759.432,2021.09.01
1161,2910.545,2021.12.01
1162,2781.06,2021.03.01
1163,2913.895,2021.06.01
1164,2938.744,2021.09.01
1165,3211.099,2021.12.01
1166,2891.283,2020.03.01
1167,2878.555,2020.06.01
1168,3216.256,2020.09.01
1169,1704.261,2021.06.01
1170,1706.375,2021.09.01
1171,1719.845,2021.12.01
1172,1716.412,2017.03.01
1173,1779.658,2017.06.01
1174,1774.633,2017.09.01
1175,1848.144,2017.12.01
1176,1845.884,2021.03.01
1177,1862.974,2021.06.01
1178,1866.714,2021.09.01
1179,1944.065,2021.12.01
1180,1897.311,2021.03.01
1181,1945.52,2021.06.01
1182,1959.007,2021.09.01
1183,2069.68,2021.12.01
1184,1954.248,2020.03.01
1185,1942.418,2020.06.01
1186,2010.104,2020.09.01
1187,1882.515,2017.09.01
1188,2060.134,2017.12.01
1189,1960.426,2021.03.01
1190,1996.087,2021.06.01
1191,2012.014,2021.09.01
1192,2173.654,2021.12.01
1193,2049.539,2021.03.01
1194,2069.57,2021.06.01
1195,2120.963,2021.09.01
1196,2319.336,2021.12.01
1197,2168.148,2020.03.01
1198,2066.283,2020.06.01
1199,2207.108,2020.09.01
1200,998.124,2017.09.01
1201,1105.161,2017.12.01
1202,1102.098,2021.03.01
1203,1089.275,2021.06.01
1204,1079.577,2021.09.01
1205,1189.767,2021.12.01
1206,1193.793,2021.03.01
1207,1141.62,2021.06.01
1208,1144.429,2021.09.01
1209,1304.668,2021.12.01
1210,1232.08,2020.03.01
1211,1067.606,2020.06.01
1212,1146.358,2020.09.01
1213,1401.56,2021.06.01
1214,1442.366,2021.09.01
1215,1376.286,2021.12.01
1216,1389.719,2017.03.01
1217,1441.497,2017.06.01
1218,1480.835,2017.09.01
1219,1521.09,2017.12.01
1220,1450.196,2021.03.01
1221,1535.737,2021.06.01
1222,1535.552,2021.09.01
1223,1603.316,2021.12.01
1224,1539.075,2021.03.01
1225,1705.748,2021.06.01
1226,1582.034,2021.09.01
1227,1622.159,2021.12.01
1228,1477.846,2020.03.01
1229,1473.644,2020.06.01
1230,1513.208,2020.09.01
1231,585.728,2021.06.01
1232,585.659,2021.09.01
1233,567.839,2021.12.01
1234,560.076,2017.03.01
1235,577.719,2017.06.01
1236,602.321,2017.09.01
1237,597.808,2017.12.01
1238,549.52,2021.03.01
1239,593.402,2021.06.01
1240,583.364,2021.09.01
1241,585.406,2021.12.01
1242,551.998,2021.03.01
1243,618.862,2021.06.01
1244,614.985,2021.09.01
1245,631.179,2021.12.01
1246,607.37,2020.03.01
1247,614.328,2020.06.01
1248,620.229,2020.09.01
1249,365.66,2021.06.01
1250,414.725,2021.09.01
1251,419.046,2021.12.01
1252,430,2017.03.01
1253,427.633,2017.0.016
1254,420.884,2017.09.01
1255,477.419,2017.12.01
1256,465.544,2021.03.01
1257,473.554,2021.06.01
1258,471.04,2021.09.01
1259,506.118,2021.12.01
1260,485.525,2021.03.01
1261,500.7,2021.06.01
1262,501.514,2021.09.01
1263,536.451,2021.12.01
1264,511.784,2020.03.01
1265,462.51,2020.06.01
1266,502.941,2020.09.01
1267,2727.571,2021.06.01
1268,2777.688,2021.09.01
1269,2841.521,2021.12.01
1270,2839.823,2017.03.01
1271,2959.113,2017.06.01
1272,2960.085,2017.09.01
1273,3130.792,2017.12.01
1274,3101.242,2021.03.01
1275,3241.45,2021.06.01
1276,3298.364,2021.09.01
1277,3430.35,2021.12.01
1278,3279.177,2021.03.01
1279,3440.097,2021.06.01
1280,3437.586,2021.09.01
1281,3699.784,2021.12.01
1282,3453.535,2020.03.01
1283,3443.466,2020.06.01
1284,3669.061,2020.09.01
1285,1019.302,2021.06.01
1286,916.284,2021.09.01
1287,989.697,2021.12.01
1288,997.972,2017.03.01
1289,1075.146,2017.06.01
1290,1028.167,2017.09.01
1291,1087.366,2017.12.01
1292,1054.875,2021.03.01
1293,1181.745,2021.06.01
1294,1082.856,2021.09.01
1295,1118.599,2021.12.01
1296,1071.749,2021.03.01
1297,1184.455,2021.06.01
1298,1107.799,2021.09.01
1299,1219.811,2021.12.01
1300,1098.207,2020.03.01
1301,1168.338,2020.06.01
1302,1074.08,2020.09.01
1303,287.789,2021.06.01
1304,277.51,2021.09.01
1305,288.452,2021.12.01
1306,271.776,2017.03.01
1307,293.222,2017.06.01
1308,297.711,2017.09.01
1309,303.636,2017.12.01
1310,291.346,2021.03.01
1311,316.418,2021.06.01
1312,319.914,2021.09.01
1313,341.139,2021.12.01
1314,310.763,2021.03.01
1315,331.755,2021.06.01
1316,350.96,2021.09.01
1317,361.879,2021.12.01
1318,334.186,2020.03.01
1319,328.049,2020.06.01
1320,354.766,2020.09.01
1321,1110.395,2021.06.01
1322,1092.93,2021.09.01
1323,1133.475,2021.12.01
1324,1125.701,2017.03.01
1325,1164.388,2017.06.01
1326,1203.509,2017.09.01
1327,1236.324,2017.12.01
1328,1225.851,2021.03.01
1329,1283.227,2021.06.01
1330,1319.114,2021.09.01
1331,1389.138,2021.12.01
1332,1328.08,2021.03.01
1333,1386.626,2021.06.01
1334,1412.246,2021.09.01
1335,1513.591,2021.12.01
1336,1409.986,2020.03.01
1337,1425.643,2020.06.01
1338,1548.587,2020.09.01
1339,212.253,2021.06.01
1340,229.148,2021.09.01
1341,236.607,2021.12.01
1342,226.131,2017.03.01
1343,225.956,2017.06.01
1344,238.498,2017.09.01
1345,265.367,2017.12.01
1346,233.579,2021.03.01
1347,262.946,2021.06.01
1348,256.954,2021.09.01
1349,261.24,2021.12.01
1350,252.591,2021.03.01
1351,235.091,2021.06.01
1352,258.554,2021.09.01
1353,265.295,2021.12.01
1354,242.156,2020.03.01
1355,213.094,2020.06.01
1356,225.973,2020.09.01
1357,543.971,2021.06.01
1358,555.555,2021.09.01
1359,576.009,2021.12.01
1360,572.088,2017.03.01
1361,602.769,2017.06.01
1362,589.218,2017.09.01
1363,621.571,2017.12.01
1364,600.876,2021.03.01
1365,616.361,2021.06.01
1366,630.25,2021.09.01
1367,660.894,2021.12.01
1368,625.673,2021.03.01
1369,640.613,2021.06.01
1370,662.181,2021.09.01
1371,718.3,2021.12.01
1372,659.362,2020.03.01
1373,630.329,2020.06.01
1374,702.893,2020.09.01
1375,324.687,2021.06.01
1376,325.7,2021.09.01
1377,270.504,2021.12.01
1378,237.453,2017.03.01
1379,342.458,2017.06.01
1380,377.929,2017.09.01
1381,379.739,2017.12.01
1382,382.48,2021.03.01
1383,349.433,2021.06.01
1384,328.749,2021.09.01
1385,362.796,2021.12.01
1386,304.67,2021.03.01
1387,290.329,2021.06.01
1388,222.636,2021.09.01
1389,242.383,2021.12.01
1390,173.194,2020.03.01
1391,180.001,2020.06.01
1392,238.256,2020.09.01
1393,178.026,2021.06.01
1394,122.283,2021.09.01
1395,240.417,2021.12.01
1396,183.274,2017.03.01
1397,149.792,2017.06.01
1398,96.841,2017.09.01
1399,305.828,2017.12.01
1400,250.248,2021.03.01
1401,160.174,2021.06.01
1402,65.418,2021.09.01
1403,309.524,2021.12.01
1404,240.416,2021.03.01
1405,195.612,2021.06.01
1406,131.574,2021.09.01
1407,247.26,2021.12.01
1408,238.508,2020.03.01
1409,174.735,2020.06.01
1410,149.236,2020.09.01
1411,346.53,2021.06.01
1412,309.56,2021.09.01
1413,351.109,2021.12.01
1414,262.908,2017.03.01
1415,309.451,2017.06.01
1416,227.217,2017.09.01
1417,488.176,2017.12.01
1418,354.777,2021.03.01
1419,286.813,2021.06.01
1420,468.247,2021.09.01
1421,348.544,2021.12.01
1422,327.809,2021.03.01
1423,329.739,2021.06.01
1424,411.266,2021.09.01
1425,406.324,2021.12.01
1426,310.437,2020.03.01
1427,126.253,2020.06.01
1428,270.048,2020.09.01
1429,809.079,2021.06.01
1430,1201.325,2021.09.01
1431,1058.729,2021.12.01
1432,897.235,2017.03.01
1433,1238.348,2017.06.01
1434,1007.319,2017.09.01
1435,1672.017,2017.12.01
1436,997.046,2021.03.01
1437,578.368,2021.06.01
1438,830.19,2021.09.01
1439,1189.635,2021.12.01
1440,1162.309,2021.03.01
1441,873.859,2021.06.01
1442,858.164,2021.09.01
1443,1198.95,2021.12.01
1444,1715.188,2020.03.01
1445,1410.245,2020.06.01
1446,745.963,2020.09.01
1447,96.186,2021.06.01
1448,105.156,2021.09.01
1449,127.302,2021.12.01
1450,89.098,2017.03.01
1451,77.261,2017.06.01
1452,70.743,2017.09.01
1453,108.04,2017.12.01
1454,50.526,2021.03.01
1455,50.987,2021.06.01
1456,46.798,2021.09.01
1457,84.303,2021.12.01
1458,47.713,2021.03.01
1459,102.085,2021.06.01
1460,54.796,2021.09.01
1461,59.102,2021.12.01
1462,39.374,2020.03.01
1463,35.058,2020.06.01
1464,69.361,2020.09.01
1465,165.721,2021.06.01
1466,159.798,2021.09.01
1467,240.487,2021.12.01
1468,151.48,2017.03.01
1469,166.522,2017.06.01
1470,143.156,2017.09.01
1471,270.081,2017.12.01
1472,190.323,2021.03.01
1473,193.196,2021.06.01
1474,276.655,2021.09.01
1475,234.014,2021.12.01
1476,103.375,2021.03.01
1477,155.326,2021.06.01
1478,164.987,2021.09.01
1479,145.481,2021.12.01
1480,190.923,2020.03.01
1481,161.297,2020.06.01
1482,229.759,2020.09.01
1483,24.071,2021.06.01
1484,33.131,2021.09.01
1485,74.952,2021.12.01
1486,23.376,2017.03.01
1487,35.189,2017.06.01
1488,40.01,2017.09.01
1489,51.587,2017.12.01
1490,8.274,2021.03.01
1491,29.409,2021.06.01
1492,38.846,2021.09.01
1493,38.394,2021.12.01
1494,8.413,2021.03.01
1495,41.52,2021.06.01
1496,53.794,2021.09.01
1497,75.608,2021.12.01
1498,28.332,2020.03.01
1499,9.411,2020.06.01
1500,61.632,2020.09.01
1501,561.702,2021.06.01
1502,633.934,2021.09.01
1503,855.832,2021.12.01
1504,839.825,2017.03.01
1505,789.066,2017.06.01
1506,508.796,2017.09.01
1507,1005.093,2017.12.01
1508,889.946,2021.03.01
1509,562.919,2021.06.01
1510,686.035,2021.09.01
1511,1284.115,2021.12.01
1512,524.46,2021.03.01
1513,739.956,2021.06.01
1514,635.72,2021.09.01
1515,786.141,2021.12.01
1516,608.864,2020.03.01
1517,416.889,2020.06.01
1518,647.931,2020.09.01
1519,147.638,2021.06.01
1520,146.068,2021.09.01
1521,147.238,2021.12.01
1522,131.567,2017.03.01
1523,121.113,2017.06.01
1524,155.356,2017.09.01
1525,156.603,2017.12.01
1526,131.737,2021.03.01
1527,112.917,2021.06.01
1528,113.494,2021.09.01
1529,141.78,2021.12.01
1530,104.386,2021.03.01
1531,129.723,2021.06.01
1532,133.544,2021.09.01
1533,108.75,2021.12.01
1534,94.555,2020.03.01
1535,92.943,2020.06.01
1536,187.316,2020.09.01
1537,287.479,2021.06.01
1538,277.835,2021.09.01
1539,257.313,2021.12.01
1540,161.816,2017.03.01
1541,272.332,2017.06.01
1542,231.826,2017.09.01
1543,143.99,2017.12.01
1544,236.644,2021.03.01
1545,248.503,2021.06.01
1546,276.388,2021.09.01
1547,228.869,2021.12.01
1548,192.16,2021.03.01
1549,309.048,2021.06.01
1550,295.799,2021.09.01
1551,196.709,2021.12.01
1552,194.137,2020.03.01
1553,127.733,2020.06.01
1554,414.039,2020.09.01
1555,376.256,2021.06.01
1556,431.286,2021.09.01
1557,353.3,2021.12.01
1558,257.64,2017.03.01
1559,311.349,2017.06.01
1560,546.159,2017.09.01
1561,434.04,2017.12.01
1562,227.8,2021.03.01
1563,425.744,2021.06.01
1564,528.93,2021.09.01
1565,485.108,2021.12.01
1566,310.741,2021.03.01
1567,396.523,2021.06.01
1568,352.188,2021.09.01
1569,501.331,2021.12.01
1570,434.32,2020.03.01
1571,407.7,2020.06.01
1572,425.838,2020.09.01
1573,45.008,2021.06.01
1574,71.599,2021.09.01
1575,90.09,2021.12.01
1576,42.459,2017.03.01
1577,31.454,2017.06.01
1578,47.306,2017.09.01
1579,61.407,2017.12.01
1580,58.666,2021.03.01
1581,63.616,2021.06.01
1582,49.447,2021.09.01
1583,73.087,2021.12.01
1584,65.351,2021.03.01
1585,72.425,2021.06.01
1586,76.731,2021.09.01
1587,96.094,2021.12.01
1588,54.252,2020.03.01
1589,21.14,2020.06.01
1590,121.361,2020.09.01
1591,1279.682,2021.06.01
1592,1399.923,2021.09.01
1593,1151.323,2021.12.01
1594,1154.338,2017.03.01
1595,1255.707,2017.06.01
1596,1494.049,2017.09.01
1597,1144.593,2017.12.01
1598,1189.101,2021.03.01
1599,1288.879,2021.06.01
1600,1515.923,2021.09.01
1601,1498.472,2021.12.01
1602,1304.673,2021.03.01
1603,1403.363,2021.06.01
1604,1560,2021.09.01
1605,1273.847,2021.1.012
1606,1162.03,2020.03.01
1607,1085.729,2020.06.01
1608,1510.195,2020.09.01
1609,1717.433,2021.06.01
1610,1411.246,2021.09.01
1611,2213.7,2021.12.01
1612,1490.409,2017.03.01
1613,1904.505,2017.06.01
1614,1658.112,2017.09.01
1615,1965.434,2017.12.01
1616,1589.187,2021.03.01
1617,2083.904,2021.06.01
1618,1931.651,2021.09.01
1619,1910.087,2021.12.01
1620,1464.328,2021.03.01
1621,2462.741,2021.06.01
1622,2125.036,2021.09.01
1623,2610.547,2021.12.01
1624,2126.977,2020.03.01
1625,926.363,2020.06.01
1626,2734.553,2020.09.01
1627,2260.753,2021.06.01
1628,2191.993,2021.09.01
1629,2286.797,2021.12.01
1630,1975.009,2017.03.01
1631,2338.595,2017.06.01
1632,2116.378,2017.09.01
1633,2221.034,2017.12.01
1634,1722.627,2021.03.01
1635,2463.574,2021.06.01
1636,2385.577,2021.09.01
1637,2153.022,2021.12.01
1638,1950.661,2021.03.01
1639,2777.321,2021.06.01
1640,2234.336,2021.09.01
1641,2344.718,2021.12.01
1642,2392.788,2020.03.01
1643,2637.627,2020.06.01
1644,3824.19,2020.09.01
1645,972.217,2017.09.01
1646,1434.173,2017.12.01
1647,1083.449,2021.03.01
1648,1070.062,2021.06.01
1649,924.561,2021.09.01
1650,1775.255,2021.12.01
1651,1327.857,2021.03.01
1652,1233.724,2021.06.01
1653,1047.276,2021.09.01
1654,1729.577,2021.12.01
1655,1474.499,2020.03.01
1656,1308.404,2020.06.01
1657,1908.787,2020.09.01
1658,283.316,2017.09.01
1659,523.151,2017.12.01
1660,639.176,2021.03.01
1661,272.451,2021.06.01
1662,245.893,2021.09.01
1663,535.704,2021.12.01
1664,608.931,2021.03.01
1665,285.892,2021.06.01
1666,257.869,2021.09.01
1667,425.997,2021.12.01
1668,416.298,2020.03.01
1669,-398.194,2020.06.01
1670,263.599,2020.09.01
1671,1615.175,2021.06.01
1672,1500.385,2021.09.01
1673,2000.729,2021.12.01
1674,2219.764,2017.03.01
1675,1753.132,2017.06.01
1676,1669.788,2017.09.01
1677,1677.497,2017.12.01
1678,2286.335,2021.03.01
1679,1570.236,2021.06.01
1680,1218.727,2021.09.01
1681,1909.563,2021.12.01
1682,2150.718,2021.03.01
1683,1615.98,2021.06.01
1684,1825.708,2021.09.01
1685,1798.756,2021.12.01
1686,1823.855,2020.03.01
1687,465.003,2020.06.01
1688,973.408,2020.09.01
1689,941.008,2021.06.01
1690,895.16,2021.09.01
1691,1033.474,2021.12.01
1692,1081.046,2017.03.01
1693,897.434,2017.06.01
1694,890.469,2017.09.01
1695,987.38,2017.12.01
1696,1081.208,2021.03.01
1697,1078.408,2021.06.01
1698,1028.605,2021.09.01
1699,934.63,2021.12.01
1700,988.82,2021.03.01
1701,910.795,2021.06.01
1702,792.233,2021.09.01
1703,991.021,2021.12.01
1704,991.864,2020.03.01
1705,1026.852,2020.06.01
1706,912.793,2020.09.01
1707,2760.886,2021.06.01
1708,2184.214,2021.09.01
1709,3193.982,2021.12.01
1710,2440.966,2017.03.01
1711,2942.33,2017.06.01
1712,2256.724,2017.09.01
1713,3329.06,2017.12.01
1714,2646.03,2021.03.01
1715,3330.673,2021.06.01
1716,2865.103,2021.09.01
1717,2924.873,2021.12.01
1718,2588.023,2021.03.01
1719,2680.704,2021.06.01
1720,2768.714,2021.09.01
1721,2864.88,2021.12.01
1722,2994.721,2020.03.01
1723,2880.085,2020.06.01
1724,2897.062,2020.09.01
1725,2174.05,2021.06.01
1726,2261.174,2021.09.01
1727,2009.176,2021.12.01
1728,1664.203,2017.03.01
1729,2192.767,2017.06.01
1730,2372.734,2017.09.01
1731,2096.179,2017.12.01
1732,1749.274,2021.03.01
1733,2332.474,2021.06.01
1734,2323.048,2021.09.01
1735,2037.056,2021.12.01
1736,1835.118,2021.03.01
1737,2361.086,2021.06.01
1738,2862.752,2021.09.01
1739,2148.746,2021.12.01
1740,2178.742,2020.03.01
1741,2509.465,2020.06.01
1742,2688.685,2020.09.01
1743,1038.491,2021.06.01
1744,1045.198,2021.09.01
1745,849.054,2021.12.01
1746,873.991,2017.03.01
1747,1006.126,2017.06.01
1748,928.45,2017.09.01
1749,835.723,2017.12.01
1750,896.465,2021.03.01
1751,1098.119,2021.06.01
1752,1163.229,2021.09.01
1753,925.127,2021.12.01
1754,1001.875,2021.03.01
1755,1168.182,2021.06.01
1756,1196.23,2021.09.01
1757,974.651,2021.12.01
1758,836.333,2020.03.01
1759,69.041,2020.06.01
1760,410.66,2020.09.01
1761,57.931,2021.06.01
1762,79.812,2021.09.01
1763,154.205,2021.12.01
1764,157.852,2017.03.01
1765,22.619,2017.06.01
1766,84.734,2017.09.01
1767,132.016,2017.12.01
1768,197.546,2021.03.01
1769,53.969,2021.06.01
1770,121.524,2021.09.01
1771,110.173,2021.12.01
1772,197.228,2021.03.01
1773,40.435,2021.06.01
1774,127.554,2021.09.01
1775,176.099,2021.12.01
1776,261.19,2020.03.01
1777,29.712,2020.06.01
1778,91.978,2020.09.01
1779,635.452,2021.06.01
1780,680.444,2021.09.01
1781,745.832,2021.12.01
1782,659.774,2017.03.01
1783,604.442,2017.06.01
1784,635.205,2017.09.01
1785,647.559,2017.12.01
1786,663.874,2021.03.01
1787,557.947,2021.06.01
1788,724.294,2021.09.01
1789,789.347,2021.12.01
1790,765.068,2021.03.01
1791,694.065,2021.06.01
1792,917.918,2021.09.01
1793,843.845,2021.12.01
1794,811.012,2020.03.01
1795,807.422,2020.06.01
1796,1211.363,2020.09.01
1797,275.522,2021.06.01
1798,366.138,2021.09.01
1799,395.93,2021.12.01
1800,421.747,2017.03.01
1801,290.45,2017.06.01
1802,364.147,2017.09.01
1803,371.857,2017.12.01
1804,408.249,2021.03.01
1805,253.921,2021.06.01
1806,412.914,2021.09.01
1807,316.831,2021.12.01
1808,401.902,2021.03.01
1809,299.975,2021.06.01
1810,456.722,2021.09.01
1811,388.091,2021.12.01
1812,425.999,2020.03.01
1813,152.241,2020.06.01
1814,396.882,2020.09.01
1815,95.718,2021.06.01
1816,172.368,2021.09.01
1817,173.643,2021.12.01
1818,171.683,2017.03.01
1819,162.302,2017.06.01
1820,124.689,2017.09.01
1821,163.13,2017.12.01
1822,121.6,2021.03.01
1823,224.317,2021.06.01
1824,187.602,2021.09.01
1825,160.91,2021.12.01
1826,209.037,2021.03.01
1827,241.925,2021.06.01
1828,157.562,2021.09.01
1829,106.326,2021.12.01
1830,141.986,2020.03.01
1831,-5.26,2020.06.01
1832,73.572,2020.09.01
